-- Insertion dans la table Personne
INSERT INTO Personne (id_personne, nom, prenom, dateNaiss, rue, codepostal, ville, pays)
VALUES
    (1, 'Dupont', 'Jean', '1990-05-15', '123 Rue de la Liberté', 75001, 'Paris', 'France'),
    (2, 'Martin', 'Sophie', '1985-12-20', '456 Avenue des Champs', 69002, 'Lyon', 'France'),
    (3, 'Smith', 'John', '1982-07-10', '789 Boulevard Voltaire', 13003, 'Marseille', 'France'),
    (4, 'Garcia', 'Maria', '1978-03-25', '1010 Calle de la Paz', 28004, 'Madrid', 'Espagne'),
    (5, 'Mueller', 'Hans', '1973-11-05', '555 Hauptstraße', 10115, 'Berlin', 'Allemagne'),
    (6, 'Lefebvre', 'Marie', '1988-09-12', '789 Rue de la Paix', 59000, 'Lille', 'France'),
    (7, 'Gonzalez', 'Carlos', '1980-04-28', '456 Avenida de la Victoria', 28001, 'Madrid', 'Espagne'),
    (8, 'Schneider', 'Anna', '1975-02-15', '101 Rue du Commerce', 75002, 'Paris', 'France'),
    (9, 'Rossi', 'Luca', '1983-06-30', '123 Via Roma', 00100, 'Rome', 'Italie'),
    (10, 'Müller', 'Anna', '1995-11-20', '555 Bahnhofstraße', 10178, 'Berlin', 'Allemagne'),
    (11, 'Dubois', 'Pierre', '1972-07-05', '321 Rue Principale', 69001, 'Lyon', 'France'),
    (12, 'Silva', 'Ana', '1990-03-18', '789 Rua Principal', 11000, 'Lisbonne', 'Portugal'),
    (13, 'Johnson', 'Emily', '1986-12-10', '101 Elm Street', 10001, 'New York', 'États-Unis'),
    (14, 'Muhammad', 'Ahmed', '1981-08-22', '456 Sheikh Zayed Road', 12345, 'Dubai', 'Émirats arabes unis'),
    (15, 'Nguyen', 'Linh', '1992-05-06', '789 Nguyen Hue Street', 70000, 'Ho Chi Minh Ville', 'Vietnam'),
    (16, 'Garcia', 'Javier', '1977-10-15', '123 Calle Mayor', 28004, 'Madrid', 'Espagne'),
    (17, 'Kim', 'Minho', '1989-04-03', '456 Gangnam-gu', 06000, 'Séoul', 'Corée du Sud'),
    (18, 'Lopez', 'Isabel', '1984-01-25', '101 Carrer de Mallorca', 08001, 'Barcelone', 'Espagne'),
    (19, 'Smith', 'Emma', '1997-09-08', '555 Park Avenue', 90001, 'Los Angeles', 'États-Unis'),
    (20, 'Schmidt', 'Max', '1979-06-17', '789 Hauptstraße', 10115, 'Berlin', 'Allemagne'),
    (21, 'Kowalski', 'Anna', '1980-08-14', '123 ul. Krakowska', 00001, 'Varsovie', 'Pologne'),
    (22, 'Chang', 'Wei', '1985-12-02', '456 Nanjing Road', 200001, 'Shanghai', 'Chine'),
    (23, 'Alves', 'Ricardo', '1976-05-25', '789 Avenida Brasil', 200400, 'Rio de Janeiro', 'Brésil'),
    (24, 'Ivanov', 'Dmitri', '1983-09-30', '101 Prospekt Mira', 101000, 'Moscou', 'Russie'),
    (25, 'Andersen', 'Lars', '1990-04-18', '555 Nyhavn', 1051, 'Copenhague', 'Danemark'),
    (26, 'Fernandez', 'Maria', '1979-07-22', '789 Calle Gran Via', 28013, 'Madrid', 'Espagne'),
    (27, 'Wong', 'Jennifer', '1987-02-08', '101 Nathan Road', 73017, 'Hong Kong', 'Chine'),
    (28, 'Ribeiro', 'Paulo', '1984-11-12', '456 Av. Paulista', 01310, 'São Paulo', 'Brésil'),
    (29, 'Müller', 'Thomas', '1995-06-04', '789 Bahnhofstrasse', 8001, 'Zurich', 'Suisse'),
    (30, 'Smith', 'Michael', '1978-03-20', '555 Fifth Avenue', 10001, 'New York', 'États-Unis'),
    (31, 'Gomez', 'Luis', '1982-10-08', '123 Carrer de Valencia', 08015, 'Barcelone', 'Espagne'),
    (32, 'Chen', 'Wei', '1993-07-15', '456 Renmin Road', 200002, 'Shanghai', 'Chine'),
    (33, 'Gomez', 'Elena', '1986-02-15', '789 Carrer de Valencia', 08015, 'Barcelone', 'Espagne'),
    (34, 'Chen', 'Xiao', '1990-09-20', '101 Renmin Road', 200002, 'Shanghai', 'Chine'),
    (35, 'Kovács', 'Ádám', '1975-06-10', '555 Kossuth Lajos tér', 1051, 'Budapest', 'Hongrie'),
    (36, 'Nowak', 'Magdalena', '1988-04-28', '789 Mickiewicza', 00001, 'Varsovie', 'Pologne'),
    (37, 'Müller', 'Hans', '1983-11-15', '101 Wilhelmstraße', 10115, 'Berlin', 'Allemagne'),
    (38, 'Andersen', 'Ingrid', '1977-08-22', '456 Amagerbrogade', 1051, 'Copenhague', 'Danemark'),
    (39, 'Martinez', 'Antonio', '1982-03-10', '789 Calle Mayor', 28004, 'Madrid', 'Espagne'),
    (40, 'Smith', 'Olivia', '1995-10-05', '123 Fifth Avenue', 10001, 'New York', 'États-Unis'),
    (41, 'Lee', 'Ji-hyun', '1980-07-18', '456 Gangnam-daero', 06000, 'Séoul', 'Corée du Sud'),
    (42, 'Meyer', 'Sophie', '1984-01-25', '101 Hauptstraße', 10178, 'Berlin', 'Allemagne'),
    (43, 'Nguyen', 'Linh', '1989-06-14', '789 Hoàng Sa', 70000, 'Ho Chi Minh Ville', 'Vietnam'),
    (44, 'Fernández', 'José', '1973-09-30', '123 Passeig de Gràcia', 08001, 'Barcelone', 'Espagne'),
    (45, 'Kim', 'Min-ji', '1987-04-12', '456 Jongno-gu', 06000, 'Séoul', 'Corée du Sud');


-- Insertion dans la table Passager
INSERT INTO Passager (id_personne, numeroTel)
VALUES
    (3, '0683058729'),
    (2, '0692658294'),
    (3, '0690572927'),
    (4, '0726492749'),
    (5, '0635287482');

-- Insertion dans la table Pilote
INSERT INTO Pilote (id_personne, numeroTel)
VALUES
    (3, '0657283758'),
    (7, '0746289274'),
    (8, '0664582746'),
    (9, '0748293648'),
    (33, '0774839379'),
    (34, '0785839384'),
    (35, '0648274647'),
    (36, '0647284647'),
    (37, '0747473828'),
    (38, '0748848327'),
    (39, '0648282747'),
    (40, '0673827476');

-- Insertion dans la table Technique
INSERT INTO Technique (id_personne, terminal, numeroTel)
VALUES
    (10, 'Terminal 1', '0664828749'),
    (11, 'Terminal 1', '0647282746'),
    (12, 'Terminal 1', '0664828364'),
    (13, 'Terminal 2', '0656472736'),
    (14, 'Terminal 2', '0675482836'),
    (15, 'Terminal 3', '0675838378'),
    (16, 'Terminal 3', '0674593937'),
    (17, 'Terminal 4', '0674839284'),
    (18, 'Terminal 4', '0698349829');


-- Insertion dans la table Stewart
INSERT INTO Stewart (id_personne, numeroTel)
VALUES
    (19, '0748293747'),
    (20, '0747292874'),
    (21, '0636282749'),
    (22, '0736282749'),
    (23, '0638283647'),
    (24, '0646282836'),
    (25, '0736282746'),
    (41, '0784828294'),
    (42, '0637287467'),
    (43, '0658337469'),
    (44, '0736278446'),
    (45, '0493938484');

-- Insertion dans la table HoteAccueil
INSERT INTO HoteAccueil (id_personne, numeroTel)
VALUES
    (26, '0637282748'),
    (27, '0746292846'),
    (28, '0764828264'),
    (29, '0646282746'),
    (30, '0647292846'),
    (31, '0747292649'),
    (32, '0647283746');


-- Insertion dans la table Terminal
INSERT INTO Terminal (nom, longitude, latitude)
VALUES
    ('Terminal 1', 48.8566, 2.3522),
    ('Terminal 2', 45.7640, 4.8357),
    ('Terminal 3', 43.2965, 5.3698),
    ('Terminal 4', 40.4168, -3.7038);

-- Insertion dans la table Porte
INSERT INTO Porte (terminal, num)
VALUES
    ('Terminal 1', 1),
    ('Terminal 1', 2),
    ('Terminal 1', 3),
    ('Terminal 2', 1),
    ('Terminal 2', 2),
    ('Terminal 3', 1),
    ('Terminal 4', 1),
    ('Terminal 4', 2);

-- Insertion dans la table CompagnieFabrique
INSERT INTO CompagnieFabrique (nom)
VALUES
    ('Airbus'),
    ('Boeing'),
    ('Embraer'),
    ('Bombardier'),
    ('ATR');

-- Insertion dans la table CompagnieVol
INSERT INTO CompagnieVol (nom)
VALUES
    ('Air France'),
    ('Lufthansa'),
    ('British Airways'),
    ('Delta Airlines'),
    ('Emirates');

-- Insertion dans la table Model
INSERT INTO Model (nom, nombrePlaces, vitesseMax, type, vitMaxRot, pousseeMax, compagnieFabrication)
VALUES
    ('A320', 180, 900, 'Turboreacteur', NULL, 120000, 'Airbus'),
    ('A321', 190, 950, 'Turboreacteur', NULL, 125000, 'Airbus'),
    ('B737', 160, 850, 'Turboreacteur', NULL, 110000, 'Boeing'),
    ('B727', 170, 900, 'Turboreacteur', NULL, 100000, 'Boeing'),
    ('E190', 100, 850, 'Turboreacteur', NULL, 90000, 'Embraer'),
    ('CRJ900', 90, 880, 'Turbopropulseur', 700, NULL, 'Bombardier'),
    ('ATR72', 70, 500, 'Turbopropulseur', 800, NULL, 'ATR'),
    ('ATR73', 75, 550, 'Turbopropulseur', 850, NULL, 'ATR');

-- Insertion dans la table Avion
INSERT INTO Avion (id, model)
VALUES
    ('ABC123', 'A320'),
    ('ABC762', 'A320'),
    ('ABC629', 'A321'),
    ('DEF456', 'B737'),
    ('DZK829', 'B737'),
    ('GJS729', 'B727'),
    ('GHI789', 'E190'),
    ('JKL012', 'CRJ900'),
    ('MNO345', 'ATR72'),
    ('GSK927', 'ATR72'),
    ('GZK826', 'ATR73');

-- Insertion de 10 vols d'arrivée
INSERT INTO Vol (id, avion, compagnie, pilote1, pilote2, porte_num, porte_term, destination, heureDepart, heureEmbarquement, hote1, hote2, provenance, heureArrivee, type)
VALUES
    ('VOL001', 'ABC123', 'Air France', 6, 33, 1, 'Terminal 1', 'New York', '2024-05-10 08:00:00', '2024-05-10 07:00:00', 26, 27, NULL, NULL, 'VolDepart'),
    ('VOL002', 'DEF456', 'Lufthansa', 7, 34, 2, 'Terminal 2', 'Istanbul', '2024-05-11 10:00:00', '2024-05-11 09:00:00', 28, 29, NULL, NULL, 'VolDepart'),
    ('VOL003', 'GHI789', 'British Airways', 8, 35, 1, 'Terminal 3', 'Paris', '2024-05-12 12:00:00', '2024-05-12 11:00:00', 30, 31, NULL, NULL, 'VolDepart'),
    ('VOL004', 'JKL012', 'Delta Airlines', 9, 36, 2, 'Terminal 4', 'Rome', '2024-05-13 14:00:00', '2024-05-13 13:00:00', 32, 26, NULL, NULL, 'VolDepart'),
    ('VOL005', 'MNO345', 'Emirates', 7, 37, 3, 'Terminal 1', 'Dubai', '2024-05-14 16:00:00', '2024-05-14 15:00:00', 27, 28, NULL, NULL, 'VolDepart'),
    ('VOL006', 'ABC123', 'Air France', 6, 3, 1, 'Terminal 1', 'Paris', '2024-05-10 14:00:00', NULL, NULL, NULL, 'New York', '2024-05-10 17:00:00', 'VolArrivee'),
    ('VOL007', 'DEF456', 'Lufthansa', 8, 39, 2, 'Terminal 2', 'Istanbul', '2024-05-11 16:00:00', NULL, NULL, NULL, 'London', '2024-05-11 19:00:00', 'VolArrivee'),
    ('VOL008', 'GHI789', 'British Airways', 9, 40, 3, 'Terminal 3', 'Rome', '2024-05-12 18:00:00', NULL, NULL, NULL, 'Paris', '2024-05-12 21:00:00', 'VolArrivee'),
    ('VOL009', 'JKL012', 'Delta Airlines', 6, 33, 4, 'Terminal 4', 'New York', '2024-05-13 20:00:00', NULL, NULL, NULL, 'Rome', '2024-05-13 23:00:00', 'VolArrivee'),
    ('VOL010', 'MNO345', 'Emirates', 8, 34, 5, 'Terminal 1', 'Dubai', '2024-05-14 22:00:00', NULL, NULL, NULL, 'Madrid', '2024-05-14 01:00:00', 'VolArrivee');

-- Insertion dans la table Bagage
INSERT INTO Bagage (vol, passager, nombreBagage, poidsBagage)
VALUES
    ('VOL001', 1, 2, 30.5),
    ('VOL001', 2, 2, 30.5),
    ('VOL002', 3, 1, 20),
    ('VOL002', 4, 3, 40),
    ('VOL003', 5, 2, 25),
    ('VOL003', 1, 1, 15),
    ('VOL004', 2, 2, 25),
    ('VOL004', 3, 1, 18),
    ('VOL005', 4, 3, 35),
    ('VOL005', 5, 2, 22),
    ('VOL006', 1, 1, 17),
    ('VOL006', 2, 2, 30.5),
    ('VOL007', 3, 2, 30.5),
    ('VOL007', 4, 1, 20),
    ('VOL007', 5, 3, 40),
    ('VOL008', 1, 2, 25),
    ('VOL008', 2, 1, 15),
    ('VOL009', 3, 2, 25),
    ('VOL009', 4, 1, 18),
    ('VOL010', 5, 3, 35);

-- Insertion dans la table StewartTravail
INSERT INTO StewartTravail (stewart, vol)
VALUES
    (19, 'VOL001'),
    (20, 'VOL001'),
    (21, 'VOL002'),
    (22, 'VOL002'),
    (23, 'VOL003'),
    (24, 'VOL003'),
    (25, 'VOL004'),
    (41, 'VOL004'),
    (42, 'VOL005'),
    (43, 'VOL005'),
    (19, 'VOL006'),
    (20, 'VOL006'),
    (21, 'VOL007'),
    (22, 'VOL007'),
    (23, 'VOL008'),
    (24, 'VOL008'),
    (25, 'VOL009'),
    (41, 'VOL009'),
    (42, 'VOL010'),
    (43, 'VOL010');

-- Insertion dans la table PeutAccueillir
INSERT INTO PeutAccueillir (porte_num, porte_term, model)
VALUES
    (1, 'Terminal 1', 'A320'),
    (2, 'Terminal 2', 'B737'),
    (1, 'Terminal 3', 'E190'),
    (1, 'Terminal 4', 'CRJ900'),
    (2, 'Terminal 1', 'ATR72'),
    (3, 'Terminal 1', 'A321'),
    (1, 'Terminal 2', 'B727'),
    (1, 'Terminal 3', 'ATR73'),
    (2, 'Terminal 4', 'ATR72'),
    (1, 'Terminal 1', 'A320');
